timestamp,observations,average_gross_edge,maximum_gross_edge,average_net_edge,maximum_net_edge,qualified_opportunities
2026-09-21 13:38:00+00:00,69,-0.0013043478260868044,-0.0009999999999998,-0.0033043478260868044,-0.0029999999999998,0
2026-09-21 13:39:00+00:00,0,,,,,0
2026-09-21 13:40:00+00:00,0,,,,,0
2026-09-21 13:41:00+00:00,0,,,,,0
2026-09-21 13:42:00+00:00,0,,,,,0
2026-09-21 13:43:00+00:00,0,,,,,0
2026-09-21 13:44:00+00:00,0,,,,,0
2026-09-21 13:45:00+00:00,0,,,,,0
2026-09-21 13:46:00+00:00,0,,,,,0
2026-09-21 13:47:00+00:00,0,,,,,0
2026-09-21 13:48:00+00:00,0,,,,,0
2026-09-21 13:49:00+00:00,0,,,,,0
2026-09-21 13:50:00+00:00,0,,,,,0
2026-09-21 13:51:00+00:00,0,,,,,0
2026-09-21 13:52:00+00:00,0,,,,,0
2026-09-21 13:53:00+00:00,0,,,,,0
2026-09-21 13:54:00+00:00,0,,,,,0
2026-09-21 13:55:00+00:00,0,,,,,0
2026-09-21 13:56:00+00:00,0,,,,,0
2026-09-21 13:57:00+00:00,0,,,,,0
2026-09-21 13:58:00+00:00,0,,,,,0
2026-09-21 13:59:00+00:00,0,,,,,0
2026-09-21 14:00:00+00:00,0,,,,,0
2026-09-21 14:01:00+00:00,0,,,,,0
2026-09-21 14:02:00+00:00,0,,,,,0
2026-09-21 14:03:00+00:00,0,,,,,0
2026-09-21 14:04:00+00:00,0,,,,,0
2026-09-21 14:05:00+00:00,0,,,,,0
2026-09-21 14:06:00+00:00,0,,,,,0
2026-09-21 14:07:00+00:00,0,,,,,0
2026-09-21 14:08:00+00:00,0,,,,,0
2026-09-21 14:09:00+00:00,0,,,,,0
2026-09-21 14:10:00+00:00,0,,,,,0
2026-09-21 14:11:00+00:00,0,,,,,0
2026-09-21 14:12:00+00:00,0,,,,,0
2026-09-21 14:13:00+00:00,0,,,,,0
2026-09-21 14:14:00+00:00,0,,,,,0
2026-09-21 14:15:00+00:00,0,,,,,0
2026-09-21 14:16:00+00:00,69,-0.0013188405797099957,-0.0009999999999998,-0.0033188405797099957,-0.0029999999999998,0
2026-09-21 14:17:00+00:00,69,-0.0013188405797099957,-0.0009999999999998,-0.0033188405797099957,-0.0029999999999998,0
2026-09-21 14:18:00+00:00,56,-0.0012857142857141287,-0.0009999999999998,-0.0032857142857141285,-0.0029999999999998,0
2026-09-21 14:19:00+00:00,13,-0.0014615384615383462,-0.0009999999999998,-0.0034615384615383463,-0.0029999999999998,0
2026-09-21 14:20:00+00:00,69,-0.0013188405797099957,-0.0009999999999998,-0.0033188405797099957,-0.0029999999999998,0
2026-09-21 14:21:00+00:00,69,-0.0013188405797099957,-0.0009999999999998,-0.0033188405797099957,-0.0029999999999998,0
2026-09-21 14:22:00+00:00,66,-0.001348484848484694,-0.0009999999999998,-0.003348484848484694,-0.0029999999999998,0
2026-09-21 14:23:00+00:00,3,-0.0009999999999999,-0.0009999999999998,-0.0029999999999999,-0.0029999999999998,0
2026-09-21 14:24:00+00:00,69,-0.0013333333333331813,-0.0009999999999998,-0.0033333333333331813,-0.0029999999999998,0
2026-09-21 14:25:00+00:00,69,-0.0013333333333331813,-0.0009999999999998,-0.0033333333333331813,-0.0029999999999998,0
2026-09-21 14:26:00+00:00,69,-0.0013333333333331813,-0.0009999999999998,-0.0033333333333331813,-0.0029999999999998,0
2026-09-21 14:27:00+00:00,0,,,,,0
2026-09-21 14:28:00+00:00,69,-0.0013188405797099957,-0.0009999999999998,-0.0033188405797099957,-0.0029999999999998,0
2026-09-21 14:29:00+00:00,69,-0.0013188405797099957,-0.0009999999999998,-0.0033188405797099957,-0.0029999999999998,0
2026-09-21 14:30:00+00:00,69,-0.0013188405797099957,-0.0009999999999998,-0.0033188405797099957,-0.0029999999999998,0
2026-09-21 14:31:00+00:00,10,-0.00109999999999985,-0.0009999999999998,-0.0030999999999998503,-0.0029999999999998,0
2026-09-21 14:32:00+00:00,59,-0.0013559322033896814,-0.0009999999999998,-0.0033559322033896817,-0.0029999999999998,0
2026-09-21 14:33:00+00:00,69,-0.0013188405797099957,-0.0009999999999998,-0.0033188405797099957,-0.0029999999999998,0
2026-09-21 14:34:00+00:00,69,-0.0013188405797099957,-0.0009999999999998,-0.0033188405797099957,-0.0029999999999998,0
2026-09-21 14:35:00+00:00,15,-0.0010666666666665002,-0.0009999999999998,-0.0030666666666665002,-0.0029999999999998,0
2026-09-21 14:36:00+00:00,54,-0.0013888888888887443,-0.0009999999999998,-0.0033888888888887444,-0.0029999999999998,0
2026-09-21 14:37:00+00:00,69,-0.0013188405797099957,-0.0009999999999998,-0.0033188405797099957,-0.0029999999999998,0
2026-09-21 14:38:00+00:00,69,-0.0013188405797099957,-0.0009999999999998,-0.0033188405797099957,-0.0029999999999998,0
2026-09-21 14:39:00+00:00,29,-0.001172413793103293,-0.0009999999999998,-0.0031724137931032933,-0.0029999999999998,0
2026-09-21 14:40:00+00:00,40,-0.001424999999999855,-0.0009999999999998,-0.0034249999999998552,-0.0029999999999998,0
2026-09-21 14:41:00+00:00,69,-0.0013188405797099957,-0.0009999999999998,-0.0033188405797099957,-0.0029999999999998,0
2026-09-21 14:42:00+00:00,69,-0.0013188405797099957,-0.0009999999999998,-0.0033188405797099957,-0.0029999999999998,0
2026-09-21 14:43:00+00:00,30,-0.00116666666666651,-0.0009999999999998,-0.00316666666666651,-0.0029999999999998,0
2026-09-21 14:44:00+00:00,39,-0.0014358974358972924,-0.0009999999999998,-0.0034358974358972925,-0.0029999999999998,0
2026-09-21 14:45:00+00:00,69,-0.0013188405797099957,-0.0009999999999998,-0.0033188405797099957,-0.0029999999999998,0
2026-09-21 14:46:00+00:00,69,-0.0013188405797099957,-0.0009999999999998,-0.0033188405797099957,-0.0029999999999998,0
2026-09-21 14:47:00+00:00,0,,,,,0
2026-09-21 14:48:00+00:00,69,-0.0013188405797099957,-0.0009999999999998,-0.0033188405797099957,-0.0029999999999998,0
2026-09-21 14:49:00+00:00,0,,,,,0
2026-09-21 14:50:00+00:00,0,,,,,0
2026-09-21 14:51:00+00:00,0,,,,,0
2026-09-21 14:52:00+00:00,36,-0.001138888888888725,-0.0009999999999998,-0.003138888888888725,-0.0029999999999998,0
2026-09-21 14:53:00+00:00,0,,,,,0
2026-09-21 14:54:00+00:00,33,-0.0013939393939392606,-0.0009999999999998,-0.003393939393939261,-0.0029999999999998,0
2026-09-21 14:55:00+00:00,0,,,,,0
2026-09-21 14:56:00+00:00,0,,,,,0
2026-09-21 14:57:00+00:00,0,,,,,0
2026-09-21 14:58:00+00:00,0,,,,,0
2026-09-21 14:59:00+00:00,0,,,,,0
2026-09-21 15:00:00+00:00,0,,,,,0
2026-09-21 15:01:00+00:00,0,,,,,0
2026-09-21 15:02:00+00:00,0,,,,,0
2026-09-21 15:03:00+00:00,0,,,,,0
2026-09-21 15:04:00+00:00,0,,,,,0
2026-09-21 15:05:00+00:00,0,,,,,0
2026-09-21 15:06:00+00:00,0,,,,,0
2026-09-21 15:07:00+00:00,0,,,,,0
2026-09-21 15:08:00+00:00,0,,,,,0
2026-09-21 15:09:00+00:00,0,,,,,0
2026-09-21 15:10:00+00:00,0,,,,,0
2026-09-21 15:11:00+00:00,0,,,,,0
2026-09-21 15:12:00+00:00,0,,,,,0
2026-09-21 15:13:00+00:00,0,,,,,0
2026-09-21 15:14:00+00:00,0,,,,,0
2026-09-21 15:15:00+00:00,64,-0.0013124999999998437,-0.0009999999999998,-0.0033124999999998438,-0.0029999999999998,0
2026-09-21 15:16:00+00:00,5,-0.0011999999999999001,-0.0009999999999998,-0.0031999999999999,-0.0029999999999998,0
2026-09-21 15:17:00+00:00,0,,,,,0
2026-09-21 15:18:00+00:00,0,,,,,0
2026-09-21 15:19:00+00:00,0,,,,,0
2026-09-21 15:20:00+00:00,0,,,,,0
2026-09-21 15:21:00+00:00,0,,,,,0
2026-09-21 15:22:00+00:00,0,,,,,0
2026-09-21 15:23:00+00:00,0,,,,,0
2026-09-21 15:24:00+00:00,0,,,,,0
2026-09-21 15:25:00+00:00,0,,,,,0
2026-09-21 15:26:00+00:00,0,,,,,0
2026-09-21 15:27:00+00:00,0,,,,,0
2026-09-21 15:28:00+00:00,0,,,,,0
2026-09-21 15:29:00+00:00,0,,,,,0
2026-09-21 15:30:00+00:00,0,,,,,0
2026-09-21 15:31:00+00:00,8,-0.0017499999999998374,-0.0009999999999998,-0.0037499999999998372,-0.0029999999999998,0
2026-09-21 15:32:00+00:00,0,,,,,0
2026-09-21 15:33:00+00:00,0,,,,,0
2026-09-21 15:34:00+00:00,0,,,,,0
2026-09-21 15:35:00+00:00,60,-0.00121666666666651,-0.0009999999999998,-0.0032166666666665097,-0.0029999999999998,0
2026-09-21 15:36:00+00:00,0,,,,,0
2026-09-21 15:37:00+00:00,0,,,,,0
2026-09-21 15:38:00+00:00,0,,,,,0
2026-09-21 15:39:00+00:00,0,,,,,0
2026-09-21 15:40:00+00:00,69,-0.0013333333333331813,-0.0009999999999998,-0.0033333333333331813,-0.0029999999999998,0
2026-09-21 15:41:00+00:00,0,,,,,0
2026-09-21 15:42:00+00:00,0,,,,,0
2026-09-21 15:43:00+00:00,0,,,,,0
2026-09-21 15:44:00+00:00,0,,,,,0
2026-09-21 15:45:00+00:00,69,-0.0013333333333331813,-0.0009999999999998,-0.0033333333333331813,-0.0029999999999998,0
2026-09-21 15:46:00+00:00,0,,,,,0
2026-09-21 15:47:00+00:00,4,-0.0024999999999999,-0.0009999999999998,-0.0044999999999999,-0.0029999999999998,0
2026-09-21 15:48:00+00:00,0,,,,,0
2026-09-21 15:49:00+00:00,0,,,,,0
2026-09-21 15:50:00+00:00,64,-0.0012968749999998517,-0.0009999999999998,-0.0032968749999998516,-0.0029999999999998,0
2026-09-21 15:51:00+00:00,0,,,,,0
2026-09-21 15:52:00+00:00,69,-0.0013478260869563725,-0.0009999999999998,-0.0033478260869563726,-0.0029999999999998,0
2026-09-21 15:53:00+00:00,69,-0.0013333333333331813,-0.0009999999999998,-0.0033333333333331813,-0.0029999999999998,0
2026-09-21 15:54:00+00:00,11,-0.0019090909090907456,-0.0009999999999998,-0.003909090909090745,-0.0029999999999998,0
2026-09-21 15:55:00+00:00,58,-0.0012068965517239864,-0.0009999999999998,-0.0032068965517239863,-0.0029999999999998,0
2026-09-21 15:56:00+00:00,69,-0.0013043478260868044,-0.0009999999999998,-0.0033043478260868044,-0.0029999999999998,0
2026-09-21 15:57:00+00:00,69,-0.0013043478260868044,-0.0009999999999998,-0.0033043478260868044,-0.0029999999999998,0
2026-09-21 15:58:00+00:00,43,-0.0012558139534882093,-0.0009999999999998,-0.003255813953488209,-0.0029999999999998,0
2026-09-21 15:59:00+00:00,26,-0.0013076923076921615,-0.0009999999999998,-0.0033076923076921618,-0.0029999999999998,0
2026-09-21 16:00:00+00:00,69,-0.0012753623188404234,-0.0009999999999998,-0.0032753623188404232,-0.0029999999999998,0
2026-09-21 16:01:00+00:00,69,-0.0012608695652172363,-0.0009999999999998,-0.0032608695652172363,-0.0029999999999998,0
2026-09-21 16:02:00+00:00,69,-0.0012608695652172363,-0.0009999999999998,-0.0032608695652172363,-0.0029999999999998,0
2026-09-21 16:03:00+00:00,3,-0.0016666666666664668,-0.0009999999999998,-0.0036666666666664662,-0.0029999999999998,0
2026-09-21 16:04:00+00:00,66,-0.0012424242424240895,-0.0009999999999998,-0.0032424242424240897,-0.0029999999999998,0
